rowNumber,displayName,firstName,lastName,leagueShortname,fullName,leagueName,shortName
0,Christian Benteke,Christian,Benteke,Premier League,Christian Benteke,Barclays Premier League,C. Benteke
1,Saido Berahino,Saido,Berahino,Premier League,Saido Berahino,Barclays Premier League,S. Berahino
2,Ryan Bertrand,Ryan,Bertrand,Premier League,Ryan Bertrand,Barclays Premier League,R. Bertrand
3,Muhamed Besic,Muhamed,Besic,Premier League,Muhamed Besic,Barclays Premier League,M. Besic
4,Christian Benteke,Christian,Benteke,Premier League,Christian Benteke,Barclays Premier League,C. Benteke
5,Saido Berahino,Saido,Berahino,Premier League,Saido Berahino,Barclays Premier League,S. Berahino
6,Ryan Bertrand,Ryan,Bertrand,Premier League,Ryan Bertrand,Barclays Premier League,R. Bertrand
7,Muhamed Besic,Muhamed,Besic,Premier League,Muhamed Besic,Barclays Premier League,M. Besic
8,Paulinho,Paulinho,Bezzera Maciel Júnior,Premier League,Paulinho Bezzera Maciel Júnior,Barclays Premier League,P. Bezzera Maciel Júnior
9,Mame Biram Diouf,Mame,Biram Diouf,Premier League,Mame Biram Diouf,Barclays Premier League,M. Biram Diouf
10,Tyler Blackett,Tyler,Blackett,Premier League,Tyler Blackett,Barclays Premier League,T. Blackett
11,Sebastián Blanco,Sebastián,Blanco,Premier League,Sebastián Blanco,Barclays Premier League,S. Blanco
12,Daley Blind,Daley,Blind,Premier League,Daley Blind,Barclays Premier League,D. Blind
13,Hiram Boateng,Hiram,Boateng,Premier League,Hiram Boateng,Barclays Premier League,H. Boateng
14,Yannick Bolasie,Yannick,Bolasie,Premier League,Yannick Bolasie,Barclays Premier League,Y. Bolasie
15,Wilfried Bony,Wilfried,Bony,Premier League,Wilfried Bony,Barclays Premier League,W. Bony
16,Fabio Borini,Fabio,Borini,Premier League,Fabio Borini,Barclays Premier League,F. Borini
17,Dedryck Boyata,Dedryck,Boyata,Premier League,Dedryck Boyata,Barclays Premier League,D. Boyata
18,George Boyd,George,Boyd,Premier League,George Boyd,Barclays Premier League,G. Boyd
19,Robert Brady,Robert,Brady,Premier League,Robert Brady,Barclays Premier League,R. Brady
20,Liam Bridcutt,Liam,Bridcutt,Premier League,Liam Bridcutt,Barclays Premier League,L. Bridcutt
21,Leon Britton,Leon,Britton,Premier League,Leon Britton,Barclays Premier League,L. Britton
22,Brown Ideye,Ideye,Brown,Premier League,Ideye Aide Brown,Barclays Premier League,I. Brown
23,Wes Brown,Wes,Brown,Premier League,Wes Brown,Barclays Premier League,W. Brown
24,Tyias Browning,Tyias,Browning,Premier League,Tyias Browning,Barclays Premier League,T. Browning
25,Alex Bruce,Alex,Bruce,Premier League,Alex Bruce,Barclays Premier League,A. Bruce
26,Chris Brunt,Chris,Brunt,Premier League,Chris Brunt,Barclays Premier League,C. Brunt
27,William Buckley,William,Buckley,Premier League,William Buckley,Barclays Premier League,W. Buckley
28,Reece Burke,Reece,Burke,Premier League,Reece Burke,Barclays Premier League,R. Burke
29,Jack Butland,Jack,Butland,Premier League,Jack Butland,Barclays Premier League,J. Butland
30,Wilfredo Caballero,Wilfredo,Caballero,Premier League,Wilfredo Caballero,Barclays Premier League,W. Caballero
31,Rémy Cabella,Rémy,Cabella,Premier League,Rémy Cabella,Barclays Premier League,R. Cabella
32,Gary Cahill,Gary,Cahill,Premier League,Gary Cahill,Barclays Premier League,G. Cahill
33,Esteban Cambiasso,Esteban,Cambiasso,Premier League,Esteban Matias Cambiasso,Barclays Premier League,E. Cambiasso
34,Geoff Cameron,Geoff,Cameron,Premier League,Geoff Cameron,Barclays Premier League,G. Cameron
35,Fraizer Campbell,Fraizer,Campbell,Premier League,Fraizer Campbell,Barclays Premier League,F. Campbell
36,Joel Campbell,Joel,Campbell,Premier League,Joel Campbell,Barclays Premier League,J. Campbell
37,Emre Can,Emre,Can,Premier League,Emre Can,Barclays Premier League,E. Can
38,Etienne Capoue,Etienne,Capoue,Premier League,Etienne Capoue,Barclays Premier League,E. Capoue
39,Michael Carrick,Michael,Carrick,Premier League,Michael Carrick,Barclays Premier League,M. Carrick
40,Andrew Carroll,Andy,Carroll,Premier League,Andy Carroll,Barclays Premier League,A. Carroll
41,Thomas Carroll,Thomas,Carroll,Premier League,Thomas Carroll,Barclays Premier League,T. Carroll
42,Lee Cattermole,Lee,Cattermole,Premier League,Lee Cattermole,Barclays Premier League,L. Cattermole
43,Steven Caulker,Steven,Caulker,Premier League,Steven Caulker,Barclays Premier League,S. Caulker
44,Santi Cazorla,Santi,Cazorla,Premier League,Santi Gonzalez Cazorla,Barclays Premier League,S. Cazorla
45,Cristian Ceballos,Cristian,Ceballos,Premier League,Cristian Ceballos,Barclays Premier League,C. Ceballos
46,Petr Cech,Petr,Cech,Premier League,Petr Cech,Barclays Premier League,P. Cech
47,Nacer Chadli,Nacer,Chadli,Premier League,Nacer Chadli,Barclays Premier League,N. Chadli
48,Nathaniel Chalobah,Nathaniel,Chalobah,Premier League,Nathaniel Chalobah,Barclays Premier League,N. Chalobah
49,Marouane Chamakh,Marouane,Chamakh,Premier League,Marouane Chamakh,Barclays Premier League,M. Chamakh
50,Calum Chambers,Calum,Chambers,Premier League,Calum Chambers,Barclays Premier League,C. Chambers
51,James Chester,James,Chester,Premier League,James Chester,Barclays Premier League,J. Chester
52,Vlad Chiriches,Vlad,Chiriches,Premier League,Vlad Chiriches,Barclays Premier League,V. Chiriches
53,Papiss Demba Cisse,Papiss Demba,Cisse,Premier League,Papiss Demba Cisse,Barclays Premier League,P. Cisse
54,Gaël Clichy,Gaël,Clichy,Premier League,Gaël Clichy,Barclays Premier League,G. Clichy
55,Nathaniel Clyne,Nathaniel,Clyne,Premier League,Nathaniel Clyne,Barclays Premier League,N. Clyne
56,Sebastián Coates,Sebastián,Coates,Premier League,Sebastián Coates,Barclays Premier League,S. Coates
57,Jack Colback,Jack,Colback,Premier League,Jack Colback,Barclays Premier League,J. Colback
58,Carlton Cole,Carlton,Cole,Premier League,Carlton Cole,Barclays Premier League,C. Cole
59,Joe Cole,Joe,Cole,Premier League,Joe Cole,Barclays Premier League,J. Cole
60,Seamus Coleman,Seamus,Coleman,Premier League,Seamus Coleman,Barclays Premier League,S. Coleman
61,James Collins,James,Collins,Premier League,James Collins,Barclays Premier League,J. Collins
62,Fabricio Coloccini,Fabricio,Coloccini,Premier League,Fabricio Coloccini,Barclays Premier League,F. Coloccini
63,Francis Coquelin,Francis,Coquelin,Premier League,Francis Coquelin,Barclays Premier League,F. Coquelin
64,Jack  Cork,Jack,Cork,Premier League,Jack  Cork,Barclays Premier League,J. Cork
65,Thibaut Courtois,Thibaut,Courtois,Premier League,Thibaut Courtois,Barclays Premier League,T. Courtois
66,Philippe Coutinho,Philippe,Coutinho,Premier League,Philippe Coutinho,Barclays Premier League,P. Coutinho
67,Aaron Cresswell,Aaron,Cresswell,Premier League,Aaron Cresswell,Barclays Premier League,A. Cresswell
68,Peter Crouch,Peter,Crouch,Premier League,Peter Crouch,Barclays Premier League,P. Crouch
69,Rafael,Rafael,Da Silva,Premier League,Rafael Da Silva,Barclays Premier League,R. Da Silva
70,Willian,Willian,Da Silva,Premier League,Willian Borges Da Silva,Barclays Premier League,W. Da Silva
71,Diego Costa,Diego,da Silva Costa,Premier League,Diego da Silva Costa,Barclays Premier League,D. da Silva Costa
72,Donervon Daniels,Donervon,Daniels,Premier League,Donervon Daniels,Barclays Premier League,D. Daniels
73,Luke Daniels,Luke,Daniels,Premier League,Luke Daniels,Barclays Premier League,L. Daniels
74,Scott Dann,Scott,Dann,Premier League,Scott Dann,Barclays Premier League,S. Dann
75,Jason Davidson,Jason,Davidson,Premier League,Jason Davidson,Barclays Premier League,J. Davidson
76,Ben Davies,Ben,Davies,Premier League,Ben Davies,Barclays Premier League,B. Davies
77,Curtis Davies,Curtis,Davies,Premier League,Curtis Davies,Barclays Premier League,C. Davies
78,Kelvin Davis,Kelvin,Davis,Premier League,Kelvin Davis,Barclays Premier League,K. Davis
79,Steven Davis,Steven,Davis,Premier League,Steven Davis,Barclays Premier League,S. Davis
80,Craig Dawson,Craig,Dawson,Premier League,Craig Dawson,Barclays Premier League,C. Dawson
81,Michael Dawson,Michael,Dawson,Premier League,Michael Dawson,Barclays Premier League,M. Dawson
82,David De Gea,David,De Gea,Premier League,David Quintana De Gea,Barclays Premier League,D. De Gea
83,Siem De Jong,Siem,De Jong,Premier League,Siem De Jong,Barclays Premier League,S. De Jong
84,Ritchie De Laet,Ritchie,De Laet,Premier League,Ritchie De Laet,Barclays Premier League,R. De Laet
85,Mathieu Debuchy,Mathieu,Debuchy,Premier League,Mathieu Debuchy,Barclays Premier League,M. Debuchy
86,Damien Delaney,Damien,Delaney,Premier League,Damien Delaney,Barclays Premier League,D. Delaney
87,Fabian Delph,Fabian,Delph,Premier League,Fabian Delph,Barclays Premier League,F. Delph
88,Mousa Dembélé,Mousa,Dembélé,Premier League,Mousa Dembélé,Barclays Premier League,M. Dembélé
89,Guy Demel,Guy,Demel,Premier League,Guy Demel,Barclays Premier League,G. Demel
90,Martín Demichelis,Martín,Demichelis,Premier League,Martín Demichelis,Barclays Premier League,M. Demichelis
91,Ángel Di María,Ángel,Di María,Premier League,Ángel Di María,Barclays Premier League,Á. Di María
92,Mohamed Diame,Mohamed,Diame,Premier League,Mohamed Diame,Barclays Premier League,M. Diame
93,Eric Dier,Eric,Dier,Premier League,Eric Dier,Barclays Premier League,E. Dier
94,Sylvain Distin,Sylvain,Distin,Premier League,Sylvain Distin,Barclays Premier League,S. Distin
95,Graham Dorrans,Graham,Dorrans,Premier League,Graham Dorrans,Barclays Premier League,G. Dorrans
96,Oscar,Oscar,dos Santos Emboaba Júnior,Premier League,Oscar dos Santos Emboaba Júnior,Barclays Premier League,O. dos Santos Emboaba Júnior
97,Stewart Downing,Stewart,Downing,Premier League,Stewart Downing,Barclays Premier League,S. Downing
98,Kevin Doyle,Kevin,Doyle,Premier League,Kevin Doyle,Barclays Premier League,K. Doyle
99,Daniel Drinkwater,Daniel,Drinkwater,Premier League,Daniel Drinkwater,Barclays Premier League,D. Drinkwater
100,Didier Drogba,Didier,Drogba,Premier League,Didier Drogba,Barclays Premier League,D. Drogba
101,Mike Duff,Mike,Duff,Premier League,Mike Duff,Barclays Premier League,M. Duff
102,Paul Dummett,Paul,Dummett,Premier League,Paul Dummett,Barclays Premier League,P. Dummett
103,Cameron Dummigan,Cameron,Dummigan,Premier League,Cameron Dummigan,Barclays Premier League,C. Dummigan
104,Mike Duff,Mike,Duff,Premier League,Mike Duff,Barclays Premier League,M. Duff
105,Paul Dummett,Paul,Dummett,Premier League,Paul Dummett,Barclays Premier League,P. Dummett
106,Cameron Dummigan,Cameron,Dummigan,Premier League,Cameron Dummigan,Barclays Premier League,C. Dummigan
107,Richard Dunne,Richard,Dunne,Premier League,Richard Dunne,Barclays Premier League,R. Dunne
108,Nathan Dyer,Nathan,Dyer,Premier League,Nathan Dyer,Barclays Premier League,N. Dyer
109,Edin Dzeko,Edin,Dzeko,Premier League,Edin Dzeko,Barclays Premier League,E. Dzeko
110,Karim El Ahmadi,Karim,El Ahmadi,Premier League,Karim El Ahmadi,Barclays Premier League,K. El Ahmadi
111,Robert Elliot,Robert,Elliot,Premier League,Robert Elliot,Barclays Premier League,R. Elliot
112,Ahmed Elmohamady,Ahmed,Elmohamady,Premier League,Ahmed Elmohamady,Barclays Premier League,A. Elmohamady
113,Marvin Emnes,Marvin,Emnes,Premier League,Marvin Emnes,Barclays Premier League,M. Emnes
114,Christian Eriksen,Christian,Eriksen,Premier League,Christian Eriksen,Barclays Premier League,C. Eriksen
115,Jose Angel Esmoris Tasende,Jose Angel,Esmoris Tasende,Premier League,Jose Angel Esmoris Tasende,Barclays Premier League,J. Esmoris Tasende
116,Samuel Eto'o,Samuel,Eto'o,Premier League,Samuel Eto'o,Barclays Premier League,S. Eto'o
117,Jonathan Evans,Jonny,Evans,Premier League,Jonathan Evans,Barclays Premier League,J. Evans
118,Lukasz Fabianski,Lukasz,Fabianski,Premier League,Lukasz Fabianski,Barclays Premier League,L. Fabianski
119,Radamel Falcao,Radamel,Falcao Garcia,Premier League,Radamel Zarate Falcao Garcia,Barclays Premier League,R. Falcao Garcia
120,Alejandro Damian Faurlin,Alejandro Damian,Faurlin,Premier League,Alejandro Damian Faurlin,Barclays Premier League,A. Faurlin
121,Federico Fazio,Federico,Fazio,Premier League,Federico Fazio,Barclays Premier League,F. Fazio
122,Marouane Fellaini,Marouane,Fellaini,Premier League,Marouane Fellaini,Barclays Premier League,M. Fellaini
123,Leroy Fer,Leroy,Fer,Premier League,Leroy Fer,Barclays Premier League,L. Fer
124,Rio Ferdinand,Rio,Ferdinand,Premier League,Rio Ferdinand,Barclays Premier League,R. Ferdinand
125,Suso,Jesus,Fernandez Saez,Premier League,Jesus Fernandez Saez,Barclays Premier League,J. Fernandez Saez
126,Federico Fernández,Federico,Fernández,Premier League,Federico Fernández,Barclays Premier League,F. Fernández
127,Facundo Ferreyra,Facundo,Ferreyra,Premier League,Facundo Ferreyra,Barclays Premier League,F. Ferreyra
128,Maynor Figueroa,Maynor,Figueroa,Premier League,Maynor Figueroa,Barclays Premier League,M. Figueroa
129,Mathieu Flamini,Mathieu,Flamini,Premier League,Mathieu Flamini,Barclays Premier League,M. Flamini
130,Darren Fletcher,Darren,Fletcher,Premier League,Darren Fletcher,Barclays Premier League,D. Fletcher
131,Steven Fletcher,Steven,Fletcher,Premier League,Steven Fletcher,Barclays Premier League,S. Fletcher
132,Jose Fonte,Jose,Fonte,Premier League,Jose Fonte,Barclays Premier League,J. Fonte
133,Fraser Forster,Fraser,Forster,Premier League,Fraser Forster,Barclays Premier League,F. Forster
134,Ben Foster,Ben,Foster,Premier League,Ben Foster,Barclays Premier League,B. Foster
135,Brad Friedel,Brad,Friedel,Premier League,Brad Friedel,Barclays Premier League,B. Friedel
136,Ezekiel Fryers,Ezekiel,Fryers,Premier League,Ezekiel Fryers,Barclays Premier League,E. Fryers
137,Jay Fulton,Jay,Fulton,Premier League,Jay Fulton,Barclays Premier League,J. Fulton
138,Cesc Fàbregas,Cesc,Fàbregas,Premier League,Cesc Fàbregas,Barclays Premier League,C. Fàbregas
139,Cristian Gamboa,Cristian,Gamboa,Premier League,Cristian Gamboa,Barclays Premier League,C. Gamboa
140,Luke Garbutt,Luke,Garbutt,Premier League,Luke Garbutt,Barclays Premier League,L. Garbutt
141,Craig Gardner,Craig,Gardner,Premier League,Craig Gardner,Barclays Premier League,C. Gardner
142,Florin Gardos,Florin,Gardos,Premier League,Florin Gardos,Barclays Premier League,F. Gardos
143,Dwight Gayle,Dwight,Gayle,Premier League,Dwight Gayle,Barclays Premier League,D. Gayle
144,Steven Gerrard,Steven,Gerrard,Premier League,Steven Gerrard,Barclays Premier League,S. Gerrard
145,Emanuele Giaccherini,Emanuele,Giaccherini,Premier League,Emanuele Giaccherini,Barclays Premier League,E. Giaccherini
146,Kieran Gibbs,Kieran,Gibbs,Premier League,Kieran Gibbs,Barclays Premier League,K. Gibbs
147,Darron Gibson,Darron,Gibson,Premier League,Darron Gibson,Barclays Premier League,D. Gibson
148,Matthew Gilks,Matthew,Gilks,Premier League,Matthew Gilks,Barclays Premier League,M. Gilks
149,Olivier Giroud,Olivier,Giroud,Premier League,Olivier Giroud,Barclays Premier League,O. Giroud
150,Shay Given,Shay,Given,Premier League,Shay Given,Barclays Premier League,S. Given
151,Bafetimbi Gomis,Bafetimbi,Gomis,Premier League,Bafetimbi Gomis,Barclays Premier League,B. Gomis
152,Varela,Varela,Gonçalves Varela,Premier League,Varela Manuel Goncalves Gonçalves Varela,Barclays Premier League,V. Gonçalves Varela
153,Yoan Gouffran,Yoan,Gouffran,Premier League,Yoan Gouffran,Barclays Premier League,Y. Gouffran
154,Danny Graham,Danny,Graham,Premier League,Danny Graham,Barclays Premier League,D. Graham
155,Jack Grealish,Jack,Grealish,Premier League,Jack Grealish,Barclays Premier League,J. Grealish
156,Robert Green,Robert,Green,Premier League,Robert Green,Barclays Premier League,R. Green
157,Adlene Guedioura,Adlene,Guedioura,Premier League,Adlène Guédioura,Barclays Premier League,A. Guedioura
158,Sandro,Sandro,Guimarães Cordeiro,Premier League,Sandro Ranieri Guimarães Cordeiro,Barclays Premier League,S. Guimarães Cordeiro
159,Brad Guzan,Brad,Guzan,Premier League,Brad Guzan,Barclays Premier League,B. Guzan
160,Jordi Gómez,Jordi,Gómez García-Penche,Premier League,Jordi Gómez García-Penche,Barclays Premier League,J. Gómez García-Penche
161,Massadio Haidara,Massadio,Haidara,Premier League,Massadio Haidara,Barclays Premier League,M. Haidara
162,Ben Hamer,Ben,Hamer,Premier League,Ben Hamer,Barclays Premier League,B. Hamer
163,Dean Hammond,Dean,Hammond,Premier League,Dean Hammond,Barclays Premier League,D. Hammond
164,Brede Hangeland,Brede,Hangeland,Premier League,Brede Hangeland,Barclays Premier League,B. Hangeland
165,Steve Harper,Steve,Harper,Premier League,Steve Harper,Barclays Premier League,S. Harper
166,Joe Hart,Joe,Hart,Premier League,Joe Hart,Barclays Premier League,J. Hart
167,Eden Hazard,Eden,Hazard,Premier League,Eden Hazard,Barclays Premier League,E. Hazard
168,Tom Heaton,Tom,Heaton,Premier League,Tom Heaton,Barclays Premier League,T. Heaton
169,Jordan Henderson,Jordan,Henderson,Premier League,Jordan Henderson,Barclays Premier League,J. Henderson
170,Wayne Hennessey,Wayne,Hennessey,Premier League,Wayne Hennessey,Barclays Premier League,W. Hennessey
171,Karl Henry,Karl,Henry,Premier League,Karl Henry,Barclays Premier League,K. Henry
172,Chris Herd,Chris,Herd,Premier League,Chris Herd,Barclays Premier League,C. Herd
173,Abel Hernández,Abel,Hernández,Premier League,Abel Hernández,Barclays Premier League,A. Hernández
174,Javier Hernández,Javier,Hernández,Premier League,Javier Hernández,Barclays Premier League,J. Hernández
175,Ander Herrera,Ander,Herrera Aguera,Premier League,Ander Herrera Aguera,Barclays Premier League,A. Herrera Aguera
176,Steven Hewitt,Steven,Hewitt,Premier League,Steven Hewitt,Barclays Premier League,S. Hewitt
177,Tony Hibbert,Tony,Hibbert,Premier League,Tony Hibbert,Barclays Premier League,T. Hibbert
178,Clint Hill,Clint,Hill,Premier League,Clint Hill,Barclays Premier League,C. Hill
179,David Hoilett,David,Hoilett,Premier League,David Hoilett,Barclays Premier League,D. Hoilett
180,Lewis Holtby,Lewis,Holtby,Premier League,Lewis Holtby,Barclays Premier League,L. Holtby
181,Jos Hooiveld,Jos,Hooiveld,Premier League,Jos Hooiveld,Barclays Premier League,J. Hooiveld
182,Tom Hopper,Tom,Hopper,Premier League,Tom Hopper,Barclays Premier League,T. Hopper
183,Tim Howard,Tim,Howard,Premier League,Tim Howard,Barclays Premier League,T. Howard
184,Tom Huddlestone,Tom,Huddlestone,Premier League,Tom Huddlestone,Barclays Premier League,T. Huddlestone
185,Robert Huth,Robert,Huth,Premier League,Robert Huth,Barclays Premier League,R. Huth
186,Alan Hutton,Alan,Hutton,Premier League,Alan Hutton,Barclays Premier League,A. Hutton
187,Jordan Ibe,Jordan,Ibe,Premier League,Jordan Ibe,Barclays Premier League,J. Ibe
188,Thomas Ince,Thomas,Ince,Premier League,Thomas Ince,Barclays Premier League,T. Ince
189,Danny Ings,Danny,Ings,Premier League,Danny Ings,Barclays Premier League,D. Ings
190,Stephen Ireland,Stephen,Ireland,Premier League,Stephen Ireland,Barclays Premier League,S. Ireland
191,Lloyd Isgrove,Lloyd,Isgrove,Premier League,Lloyd Isgrove,Barclays Premier League,L. Isgrove
192,Mauricio Isla,Mauricio,Isla,Premier League,Mauricio Isla,Barclays Premier League,M. Isla
193,Branislav Ivanovic,Branislav,Ivanovic,Premier League,Branislav Ivanovic,Barclays Premier League,B. Ivanovic
194,Jussi Jaaskelainen,Jussi,Jaaskelainen,Premier League,Jussi Jaaskelainen,Barclays Premier League,J. Jaaskelainen
195,Phil Jagielka,Phil,Jagielka,Premier League,Phil Jagielka,Barclays Premier League,P. Jagielka
196,Eldin Jakupovic,Eldin,Jakupovic,Premier League,Eldin Jakupovic,Barclays Premier League,E. Jakupovic
197,Matthew James,Matthew,James,Premier League,Matthew James,Barclays Premier League,M. James
198,Reece James,Reece,James,Premier League,Reece James,Barclays Premier League,R. James
199,Daryl Janmaat,Daryl,Janmaat,Premier League,Daryl Janmaat,Barclays Premier League,D. Janmaat
200,Adnan Januzaj,Adnan,Januzaj,Premier League,Adnan Januzaj,Barclays Premier League,A. Januzaj
201,Matthew Jarvis,Matthew,Jarvis,Premier League,Matthew Jarvis,Barclays Premier League,M. Jarvis
202,Mile Jedinak,Mile,Jedinak,Premier League,Mile Jedinak,Barclays Premier League,M. Jedinak
203,Nikica Jelavic,Nikica,Jelavic,Premier League,Nikica Jelavic,Barclays Premier League,N. Jelavic
204,Carl Jenkinson,Carl,Jenkinson,Premier League,Carl Jenkinson,Barclays Premier League,C. Jenkinson
205,Adam Johnson,Adam,Johnson,Premier League,Adam Johnson,Barclays Premier League,A. Johnson
206,Andrew Johnson,Andrew,Johnson,Premier League,Andrew Johnson,Barclays Premier League,A. Johnson
207,Glen Johnson,Glen,Johnson,Premier League,Glen Johnson,Barclays Premier League,G. Johnson
208,Billy Jones,Billy,Jones,Premier League,Billy Jones,Barclays Premier League,B. Jones
209,Brad Jones,Brad,Jones,Premier League,Brad Jones,Barclays Premier League,B. Jones
210,David Jones,David,Jones,Premier League,David Frank Llwyd Jones,Barclays Premier League,D. Jones
211,Phil Jones,Phil,Jones,Premier League,Phil Jones,Barclays Premier League,P. Jones
212,Stevan Jovetic,Stevan,Jovetic,Premier League,Stevan Jovetic,Barclays Premier League,S. Jovetic
213,Lucas Jutkiewicz,Lucas,Jutkiewicz,Premier League,Lucas Jutkiewicz,Barclays Premier League,L. Jutkiewicz
214,Younes Kaboul,Younes,Kaboul,Premier League,Younes Kaboul,Barclays Premier League,Y. Kaboul
215,Shinji Kagawa,Shinji,Kagawa,Premier League,Shinji Kagawa,Barclays Premier League,S. Kagawa
216,Harry Kane,Harry,Kane,Premier League,Harry Kane,Barclays Premier League,H. Kane
217,Filipe Luis,Filipe,Kasmirski,Premier League,Filipe Luis Kasmirski,Barclays Premier League,F. Kasmirski
218,Michael Keane,Michael,Keane,Premier League,Michael Keane,Barclays Premier League,M. Keane
219,William Keane,William,Keane,Premier League,William Keane,Barclays Premier League,W. Keane
220,Martin Kelly,Martin,Kelly,Premier League,Martin Kelly,Barclays Premier League,M. Kelly
221,Michael Kightly,Michael,Kightly,Premier League,Michael Kightly,Barclays Premier League,M. Kightly
222,Andy King,Andy,King,Premier League,Andy King,Barclays Premier League,A. King
223,Aleksandar Kolarov,Aleksandar,Kolarov,Premier League,Aleksandar Kolarov,Barclays Premier League,A. Kolarov
224,Vincent Kompany,Vincent,Kompany,Premier League,Vincent Kompany,Barclays Premier League,V. Kompany
225,Paul Konchesky,Paul,Konchesky,Premier League,Paul Konchesky,Barclays Premier League,P. Konchesky
226,Anthony Konckaert,Anthony,Konckaert,Premier League,Anthony Konckaert,Barclays Premier League,A. Konckaert
227,Laurent Koscielny,Laurent,Koscielny,Premier League,Laurent Koscielny,Barclays Premier League,L. Koscielny
228,Cheikhou Kouyaté,Cheikhou,Kouyaté,Premier League,Cheikhou Kouyaté,Barclays Premier League,C. Kouyaté
229,Niko Kranjcar,Niko,Kranjcar,Premier League,Niko Kranjcar,Barclays Premier League,N. Kranjcar
230,Bojan Krkic,Bojan,Krkic,Premier League,Bojan Krkic,Barclays Premier League,B. Krkic
231,Tim Krul,Tim,Krul,Premier League,Tim Krul,Barclays Premier League,T. Krul
232,Daniel Lafferty,Daniel,Lafferty,Premier League,Daniel Lafferty,Barclays Premier League,D. Lafferty
233,Adam Lallana,Adam,Lallana,Premier League,Adam Lallana,Barclays Premier League,A. Lallana
234,Rickie Lambert,Rickie,Lambert,Premier League,Rickie Lambert,Barclays Premier League,R. Lambert
235,Erik Lamela,Erik,Lamela,Premier League,Erik Lamela,Barclays Premier League,E. Lamela
236,Frank Lampard,Frank,Lampard,Premier League,Frank Lampard,Barclays Premier League,F. Lampard
237,Sebastian Larsson,Sebastian,Larsson,Premier League,Sebastian Larsson,Barclays Premier League,S. Larsson
238,Joe Ledley,Joe,Ledley,Premier League,Joe Ledley,Barclays Premier League,J. Ledley
239,Ryan Ledson,Ryan,Ledson,Premier League,Ryan Ledson,Barclays Premier League,R. Ledson
240,Elliot Lee,Elliot,Lee,Premier League,Elliot Lee,Barclays Premier League,E. Lee
241,Aaron Lennon,Aaron,Lennon,Premier League,Aaron Lennon,Barclays Premier League,A. Lennon
242,Joleon Lescott,Joleon,Lescott,Premier League,Joleon Lescott,Barclays Premier League,J. Lescott
243,Anders Lindegaard,Anders,Lindegaard,Premier League,Anders Lindegaard,Barclays Premier League,A. Lindegaard
244,Jesse Lingard,Jesse,Lingard,Premier League,Jesse Lingard,Barclays Premier League,J. Lingard
245,Jake Livermore,Jake,Livermore,Premier League,Jake Livermore,Barclays Premier League,J. Livermore
246,Sebastian Lletget,Sebastian,Lletget,Premier League,Sebastian Lletget,Barclays Premier League,S. Lletget
247,Hugo Lloris,Hugo,Lloris,Premier League,Hugo Lloris,Barclays Premier League,H. Lloris
248,Kevin Long,Kevin,Long,Premier League,Kevin Long,Barclays Premier League,K. Long
249,Shane Long,Shane,Long,Premier League,Shane Long,Barclays Premier League,S. Long
250,Dejan Lovren,Dejan,Lovren,Premier League,Dejan Lovren,Barclays Premier League,D. Lovren
251,Matthew Lowton,Matthew,Lowton,Premier League,Matthew Lowton,Barclays Premier League,M. Lowton
252,Romelu Lukaku,Romelu,Lukaku,Premier League,Romelu Lukaku,Barclays Premier League,R. Lukaku
253,Matthew Macey,Matthew,Macey,Premier League,Matthew Macey,Barclays Premier League,M. Macey
254,Harry Maguire,Harry,Maguire,Premier League,Harry Maguire,Barclays Premier League,H. Maguire
255,Riyad Mahrez,Riyad,Mahrez,Premier League,Riyad Mahrez,Barclays Premier League,R. Mahrez
256,Ainsley Maitland-Niles,Ainsley,Maitland-Niles,Premier League,Ainsley Maitland-Niles,Barclays Premier League,A. Maitland-Niles
257,Sadio Mane,Sadio,Mane,Premier League,Sadio Mane,Barclays Premier League,S. Mane
258,Eliaquim Mangala,Eliaquim,Mangala,Premier League,Eliaquim Mangala,Barclays Premier League,E. Mangala
259,Vito Mannone,Vito,Mannone,Premier League,Vito Mannone,Barclays Premier League,V. Mannone
260,Javi Manquillo,Javier,Manquillo Gaitán,Premier League,Javier Manquillo Gaitán,Barclays Premier League,J. Manquillo Gaitán
261,Adrian Mariappa,Adrian,Mariappa,Premier League,Adrian Mariappa,Barclays Premier League,A. Mariappa
262,Lazar Markovic,Lazar,Markovic,Premier League,Lazar Markovic,Barclays Premier League,L. Markovic
263,Dean Marney,Dean,Marney,Premier League,Dean Marney,Barclays Premier League,D. Marney
264,Emiliano Martinez,Damian,Martinez,Premier League,Damian Emiliano  Martinez,Barclays Premier League,D. Martinez
265,Ryan Mason,Ryan,Mason,Premier League,Ryan Glen Mason,Barclays Premier League,R. Mason
266,Juan Mata,Juan,Mata,Premier League,Juan Manuel Garcia Mata,Barclays Premier League,J. Mata
267,Nemanja Matic,Nemanja,Matic,Premier League,Nemanja Matic,Barclays Premier League,N. Matic
268,Charalampos Mavrias,Charalampos,Mavrias,Premier League,Charalampos Mavrias,Barclays Premier League,C. Mavrias
269,Emmanuel Mayuka,Emmanuel,Mayuka,Premier League,Emmanuel Mayuka,Barclays Premier League,E. Mayuka
270,James McArthur,James,McArthur,Premier League,James McArthur,Barclays Premier League,J. McArthur
271,Gareth McAuley,Gareth,McAuley,Premier League,Gareth McAuley,Barclays Premier League,G. McAuley
272,Alex McCarthy,Alex,McCarthy,Premier League,Alex McCarthy,Barclays Premier League,A. McCarthy
273,James McCarthy,James,McCarthy,Premier League,James McCarthy,Barclays Premier League,J. McCarthy
274,Jason McCarthy,Jason,McCarthy,Premier League,Jason McCarthy,Barclays Premier League,J. McCarthy
275,Patrick McCarthy,Patrick,McCarthy,Premier League,Patrick McCarthy,Barclays Premier League,P. McCarthy
276,Aiden McGeady,Aiden,McGeady,Premier League,Aiden McGeady,Barclays Premier League,A. McGeady
277,Allan McGregor,Allan,McGregor,Premier League,Allan McGregor,Barclays Premier League,A. McGregor
278,Patrick McNair,Patrick,McNair,Premier League,Patrick McNair,Barclays Premier League,P. McNair
279,Sam McQueen,Sam,McQueen,Premier League,Sam McQueen,Barclays Premier League,S. McQueen
280,Paul McShane,Paul,McShane,Premier League,Paul McShane,Barclays Premier League,P. McShane
281,Benjamin Mee,Benjamin,Mee,Premier League,Benjamin Mee,Barclays Premier League,B. Mee
282,Per Mertesacker,Per,Mertesacker,Premier League,Per Mertesacker,Barclays Premier League,P. Mertesacker
283,David Meyler,David,Meyler,Premier League,David Meyler,Barclays Premier League,D. Meyler
284,Simon Mignolet,Simon,Mignolet,Premier League,Simon Mignolet,Barclays Premier League,S. Mignolet
285,John Obi Mikel,John Obi,Mikel,Premier League,John Obi John Mikel,Barclays Premier League,J. Mikel
286,James Milner,James,Milner,Premier League,James Milner,Barclays Premier League,J. Milner
287,Kevin Mirallas,Kevin,Mirallas,Premier League,Kevin Mirallas,Barclays Premier League,K. Mirallas
288,Nacho Monreal,Nacho,Monreal,Premier League,Nacho Monreal,Barclays Premier League,N. Monreal
289,Jefferson Montero,Jefferson,Montero,Premier League,Jefferson Montero,Barclays Premier League,J. Montero
290,Liam Moore,Liam,Moore,Premier League,Liam Moore,Barclays Premier League,L. Moore
291,Alberto Moreno,Alberto,Moreno,Premier League,Alberto Moreno,Barclays Premier League,A. Moreno
292,Wes Morgan,Wes,Morgan,Premier League,Wes Morgan,Barclays Premier League,W. Morgan
293,James Morrison,James,Morrison,Premier League,James Morrison,Barclays Premier League,J. Morrison
294,Ravel Morrison,Ravel,Morrison,Premier League,Ravel Morrison,Barclays Premier League,R. Morrison
295,Victor Moses,Victor,Moses,Premier League,Victor Moses,Barclays Premier League,V. Moses
296,Youssuf Mulumbu,Youssuf,Mulumbu,Premier League,Youssuf Mulumbu,Barclays Premier League,Y. Mulumbu
297,Marc Muniesa,Marc,Muniesa,Premier League,Marc Muniesa,Barclays Premier League,M. Muniesa
298,Brian Murphy,Brian,Murphy,Premier League,Brian Murphy,Barclays Premier League,B. Murphy
299,Glenn Murray,Glenn,Murray,Premier League,Glenn Murray,Barclays Premier League,G. Murray
300,Jordon Mutch,Jordon,Mutch,Premier League,Jordon Mutch,Barclays Premier League,J. Mutch
301,Boaz Myhill,Boaz,Myhill,Premier League,Boaz Myhill,Barclays Premier League,B. Myhill
302,Charles N'Zogbia,Charles,N'Zogbia,Premier League,Charles N'Zogbia,Barclays Premier League,C. N'Zogbia
303,Steven Naismith,Steven,Naismith,Premier League,Steven Naismith,Barclays Premier League,S. Naismith
304,Liam O'Neil,Liam,O'Neil,Premier League,Liam O'Neil,Barclays Premier League,L. O'Neil
305,John O'Shea,John,O'Shea,Premier League,John O'Shea,Barclays Premier League,J. O'Shea
306,Gabriel Obertan,Gabriel,Obertan,Premier League,Gabriel Obertan,Barclays Premier League,G. Obertan
307,Peter Odemwingie,Peter,Odemwingie,Premier League,Peter Odemwingie,Barclays Premier League,P. Odemwingie
308,Jores Okore,Jores,Okore,Premier League,Jores Okore,Barclays Premier League,J. Okore
309,Anderson,Anderson,Oliveira,Premier League,Anderson Oliveira,Barclays Premier League,A. Oliveira
310,Jonas Olsson,Jonas,Olsson,Premier League,Jonas Olsson,Barclays Premier League,J. Olsson
311,Nedum Onuoha,Nedum,Onuoha,Premier League,Nedum Onuoha,Barclays Premier League,N. Onuoha
312,Leon Osman,Leon,Osman,Premier League,Leon Osman,Barclays Premier League,L. Osman
313,David Ospina,David,Ospina,Premier League,David Ospina,Barclays Premier League,D. Ospina
314,Bryan Oviedo,Bryan,Oviedo,Premier League,Bryan Oviedo,Barclays Premier League,B. Oviedo
315,Alex Oxlade-Chamberlain,Alex,Oxlade-Chamberlain,Premier League,Alex Oxlade-Chamberlain,Barclays Premier League,A. Oxlade-Chamberlain
316,Costel Pantilimon,Costel,Pantilimon,Premier League,Costel Pantilimon,Barclays Premier League,C. Pantilimon
317,Graziano Pelle,Graziano,Pelle,Premier League,Graziano Pelle,Barclays Premier League,G. Pelle
318,Andreas Pereira,Andreas,Pereira,Premier League,Andreas Pereira,Barclays Premier League,A. Pereira
319,Lucas,Lucas,Pezzini-Leiva,Premier League,Lucas Pezzini-Leiva,Barclays Premier League,L. Pezzini-Leiva
320,Matthew Phillips,Matthew,Phillips,Premier League,Matthew Phillips,Barclays Premier League,M. Phillips
321,Steven Pienaar,Steven,Pienaar,Premier League,Steven Pienaar,Barclays Premier League,S. Pienaar
322,Erik Pieters,Erik,Pieters,Premier League,Erik Pieters,Barclays Premier League,E. Pieters
323,Sébastien Pocognoli,Sébastien,Pocognoli,Premier League,Sébastien Pocognoli,Barclays Premier League,S. Pocognoli
324,Lukas Podolski,Lukas,Podolski,Premier League,Lukas Podolski,Barclays Premier League,L. Podolski
325,Nick Powell,Nick,Powell,Premier League,Nick Powell,Barclays Premier League,N. Powell
326,Diego Poyet,Diego,Poyet,Premier League,Diego Poyet,Barclays Premier League,D. Poyet
327,Jose Pozos,Jose,Pozos,Premier League,Jose Pozos,Barclays Premier League,J. Pozos
328,Jason Puncheon,Jason,Puncheon,Premier League,Jason Puncheon,Barclays Premier League,J. Puncheon
329,Ayoze Pérez,Ayoze,Pérez Gutiérrez,Premier League,Ayoze Pérez Gutiérrez,Barclays Premier League,A. Pérez Gutiérrez
330,Stephen Quinn,Stephen,Quinn,Premier League,Stephen Quinn,Barclays Premier League,S. Quinn
331,Aaron Ramsey,Aaron,Ramsey,Premier League,Aaron Ramsey,Barclays Premier League,A. Ramsey
332,Gastón Ramírez,Gastón,Ramírez,Premier League,Gastón Ramírez,Barclays Premier League,G. Ramírez
333,Angel Rangel,Angel,Rangel,Premier League,Angel Rangel,Barclays Premier League,A. Rangel
334,Harrison Reed,Harrison,Reed,Premier League,Harrison Reed,Barclays Premier League,H. Reed
335,Fernando,Fernando,Reges,Premier League,Fernando Francisco Reges,Barclays Premier League,F. Reges
336,Steven Reid,Steven,Reid,Premier League,Steven Reid,Barclays Premier League,S. Reid
337,Winston Reid,Winston,Reid,Premier League,Winston Reid,Barclays Premier League,W. Reid
338,Anthony Reveillere,Anthony,Reveillere,Premier League,Anthony Reveillere,Barclays Premier League,A. Reveillere
339,Ashley Richards,Ashley,Richards,Premier League,Ashley Richards,Barclays Premier League,A. Richards
340,Kieran Richardson,Kieran,Richardson,Premier League,Kieran Richardson,Barclays Premier League,K. Richardson
341,Emmanuel Riviere,Emmanuel,Riviere,Premier League,Emmanuel Riviere,Barclays Premier League,E. Riviere
342,Valentin Roberge,Valentin,Roberge,Premier League,Valentin Roberge,Barclays Premier League,V. Roberge
343,Andrew Robertson,Andrew,Robertson,Premier League,Andrew Robertson,Barclays Premier League,A. Robertson
344,Joel Robles,Joel,Robles,Premier League,Joel Robles,Barclays Premier League,J. Robles
345,Thomas Robson,Thomas,Robson,Premier League,Thomas Robson,Barclays Premier League,T. Robson
346,Jack Rodwell,Jack,Rodwell,Premier League,Jack Rodwell,Barclays Premier League,J. Rodwell
347,Marcos Rojo,Marcos,Rojo,Premier League,Marcos Rojo,Barclays Premier League,M. Rojo
348,Wayne Rooney,Wayne,Rooney,Premier League,Wayne Rooney,Barclays Premier League,W. Rooney
349,Fernandinho,Fernandinho,Rosa,Premier League,Fernandinho Rosa,Barclays Premier League,F. Rosa
350,Danny Rose,Danny,Rose,Premier League,Danny Rose,Barclays Premier League,D. Rose
351,Liam Rosenior,Liam,Rosenior,Premier League,Liam Rosenior,Barclays Premier League,L. Rosenior
352,Tomas Rosicky,Tomas,Rosicky,Premier League,Tomas Rosicky,Barclays Premier League,T. Rosicky
353,Wayne Routledge,Wayne,Routledge,Premier League,Wayne Routledge,Barclays Premier League,W. Routledge
354,Andrew Robertson,Andrew,Robertson,Premier League,Andrew Robertson,Barclays Premier League,A. Robertson
355,Callum Robinson,Callum,Robinson,Premier League,Callum Robinson,Barclays Premier League,C. Robinson
356,Joel Robles,Joel,Robles,Premier League,Joel Robles,Barclays Premier League,J. Robles
357,Thomas Robson,Thomas,Robson,Premier League,Thomas Robson,Barclays Premier League,T. Robson
358,Jack Rodwell,Jack,Rodwell,Premier League,Jack Rodwell,Barclays Premier League,J. Rodwell
359,Marcos Rojo,Marcos,Rojo,Premier League,Marcos Rojo,Barclays Premier League,M. Rojo
360,Wayne Rooney,Wayne,Rooney,Premier League,Wayne Rooney,Barclays Premier League,W. Rooney
361,Fernandinho,Fernandinho,Rosa,Premier League,Fernandinho Rosa,Barclays Premier League,F. Rosa
362,Danny Rose,Danny,Rose,Premier League,Danny Rose,Barclays Premier League,D. Rose
363,Liam Rosenior,Liam,Rosenior,Premier League,Liam Rosenior,Barclays Premier League,L. Rosenior
364,Tomas Rosicky,Tomas,Rosicky,Premier League,Tomas Rosicky,Barclays Premier League,T. Rosicky
365,Wayne Routledge,Wayne,Routledge,Premier League,Wayne Routledge,Barclays Premier League,W. Routledge
366,Loïc Rémy,Loïc,Rémy,Premier League,Loïc Rémy,Barclays Premier League,L. Rémy
367,Yannick Sagbo,Yannick,Sagbo,Premier League,Yannick Sagbo,Barclays Premier League,Y. Sagbo
368,Bacary Sagna,Bacary,Sagna,Premier League,Bacary Sagna,Barclays Premier League,B. Sagna
369,Diafra Sakho,Diafra,Sakho,Premier League,Diafra Sakho,Barclays Premier League,D. Sakho
370,Mamadou Sakho,Mamadou,Sakho,Premier League,Mamadou Sakho,Barclays Premier League,M. Sakho
371,Mohamed Salah,Mohamed,Salah,Premier League,Mohamed Ghaly Salah,Barclays Premier League,M. Salah
372,Giorgos Samaras,Giorgos,Samaras,Premier League,Giorgos Samaras,Barclays Premier League,G. Samaras
373,Adrián,Adrián,San Miguel del Castillo,Premier League,Adrián San Miguel del Castillo,Barclays Premier League,A. San Miguel del Castillo
374,Yaya Sanogo,Yaya,Sanogo,Premier League,Yaya Sanogo,Barclays Premier League,Y. Sanogo
375,Ramires,Ramires,Santos do Nascimento,Premier League,Ramires Santos do Nascimento,Barclays Premier League,R. Santos do Nascimento
376,Jefferey Schlupp,Jefferey,Schlupp,Premier League,Jefferey Schlupp,Barclays Premier League,J. Schlupp
377,Kasper Schmeichel,Kasper,Schmeichel,Premier League,Kasper Schmeichel,Barclays Premier League,K. Schmeichel
378,Morgan Schneiderlin,Morgan,Schneiderlin,Premier League,Morgan Schneiderlin,Barclays Premier League,M. Schneiderlin
379,André Schürrle,André,Schürrle,Premier League,André Schürrle,Barclays Premier League,A. Schürrle
380,Philippe Senderos,Philippe,Senderos,Premier League,Philippe Senderos,Barclays Premier League,P. Senderos
381,Stephane Sessegnon,Stephane,Sessegnon,Premier League,Stephane Sessegnon,Barclays Premier League,S. Sessegnon
382,Jason Shackell,Jason,Shackell,Premier League,Jason Shackell,Barclays Premier League,J. Shackell
383,Luke Shaw,Luke,Shaw,Premier League,Luke Shaw,Barclays Premier League,L. Shaw
384,Ryan Shawcross,Ryan,Shawcross,Premier League,Ryan Shawcross,Barclays Premier League,R. Shawcross
385,Josh Sheehan,Josh,Sheehan,Premier League,Josh Sheehan,Barclays Premier League,J. Sheehan
386,Jonjo Shelvey,Jonjo,Shelvey,Premier League,Jonjo Shelvey,Barclays Premier League,J. Shelvey
387,Oliver Shenton,Oliver,Shenton,Premier League,Oliver Shenton,Barclays Premier League,O. Shenton
388,Liam Shephard,Liam,Shephard,Premier League,Liam Shephard,Barclays Premier League,L. Shephard
389,Steve Sidwell,Steve,Sidwell,Premier League,Steve Sidwell,Barclays Premier League,S. Sidwell
390,Gylfi Sigurdsson,Gylfi,Sigurdsson,Premier League,Gylfi Sigurdsson,Barclays Premier League,G. Sigurdsson
391,David Silva,David,Silva,Premier League,David Jimenez Silva,Barclays Premier League,D. Silva
392,Danny Simpson,Danny,Simpson,Premier League,Danny Simpson,Barclays Premier League,D. Simpson
393,Scott Sinclair,Scott,Sinclair,Premier League,Scott Sinclair,Barclays Premier League,S. Sinclair
394,Moussa Sissoko,Moussa,Sissoko,Premier League,Moussa Sissoko,Barclays Premier League,M. Sissoko
395,Martin Skrtel,Martin,Skrtel,Premier League,Martin Skrtel,Barclays Premier League,M. Skrtel
396,Chris Smalling,Chris,Smalling,Premier League,Chris Smalling,Barclays Premier League,C. Smalling
397,Adam Smith,Adam,Smith,Premier League,Adam Smith,Barclays Premier League,A. Smith
398,Robert Snodgrass,Robert,Snodgrass,Premier League,Robert Snodgrass,Barclays Premier League,R. Snodgrass
399,Dominic Solanke,Dominic,Solanke,Premier League,Dominic Solanke,Barclays Premier League,D. Solanke
400,Roberto Soldado,Roberto,Soldado,Premier League,Roberto Soldado,Barclays Premier League,R. Soldado
401,Alex Song,Alex,Song,Premier League,Alex Song,Barclays Premier League,A. Song
402,Marvin Sordell,Marvin,Sordell,Premier League,Marvin Sordell,Barclays Premier League,M. Sordell
403,Thomas Sorensen,Thomas,Sorensen,Premier League,Thomas Sorensen,Barclays Premier League,T. Sorensen
404,Benjamin Stambouli,Benjamin,Stambouli,Premier League,Benjamin Stambouli,Barclays Premier League,B. Stambouli
405,Jack Stephens,Jack,Stephens,Premier League,Jack Stephens,Barclays Premier League,J. Stephens
406,Raheem Sterling,Raheem,Sterling,Premier League,Raheem Sterling,Barclays Premier League,R. Sterling
407,John Stones,John,Stones,Premier League,John Stones,Barclays Premier League,J. Stones
408,Remie Streete,Remie,Streete,Premier League,Remie Streete,Barclays Premier League,R. Streete
409,Daniel Sturridge,Daniel,Sturridge,Premier League,Daniel Sturridge,Barclays Premier League,D. Sturridge
410,Yun Suk-Young,Yun,Suk-Young,Premier League,Yun Suk-Young,Barclays Premier League,Y. Suk-Young
411,Ki Sung-Yeung,Ki,Sung-Yeung,Premier League,Ki Sung-Yeung,Barclays Premier League,K. Sung-Yeung
412,Wojciech Szczesny,Wojciech,Szczesny,Premier League,Wojciech Szczesny,Barclays Premier League,W. Szczesny
413,Alexis Sánchez,Alexis,Sánchez,Premier League,Alexis Sánchez,Barclays Premier League,A. Sánchez
414,Carlos Sánchez,Carlos,Sánchez,Premier League,Carlos Sánchez,Barclays Premier League,C. Sánchez
415,José Enrique,José,Sánchez Díaz,Premier League,José Enrique Sánchez Díaz,Barclays Premier League,J. Sánchez Díaz
416,Adel Taarabt,Adel,Taarabt,Premier League,Adel Taarabt,Barclays Premier League,A. Taarabt
417,Dusan Tadic,Dusan,Tadic,Premier League,Dusan Tadic,Barclays Premier League,D. Tadic
418,Matt Targett,Matt,Targett,Premier League,Matt Targett,Barclays Premier League,M. Targett
419,Cabral,Adilson Cabral,Tavares Varela,Premier League,Adilson Cabral Tavares Varela,Barclays Premier League,A. Tavares Varela
420,Matthew Taylor,Matthew,Taylor,Premier League,Matthew Taylor,Barclays Premier League,M. Taylor
421,Neil Taylor,Neil,Taylor,Premier League,Neil Taylor,Barclays Premier League,N. Taylor
422,Ryan Taylor,Ryan,Taylor,Premier League,Ryan Taylor,Barclays Premier League,R. Taylor
423,Steven Taylor,Steven,Taylor,Premier League,Steven Taylor,Barclays Premier League,S. Taylor
424,Gary Taylor-Fletcher,Gary,Taylor-Fletcher,Premier League,Gary Taylor-Fletcher,Barclays Premier League,G. Taylor-Fletcher
425,Saphir Taïder,Saphir,Taïder,Premier League,Saphir Taïder,Barclays Premier League,S. Taïder
426,Dionatan Teixeira,Dionatan,Teixeira,Premier League,Dionatan do Nascimento Teixeira,Barclays Premier League,D. Teixeira
427,John Terry,John,Terry,Premier League,John Terry,Barclays Premier League,J. Terry
428,Jerome Thomas,Jerome,Thomas,Premier League,Jerome Thomas,Barclays Premier League,J. Thomas
429,Tom Thorpe,Tom,Thorpe,Premier League,Tom Thorpe,Barclays Premier League,T. Thorpe
430,Dwight Tiendalli,Dwight,Tiendalli,Premier League,Dwight Tiendalli,Barclays Premier League,D. Tiendalli
431,Ismael Tioté,Ismael,Tioté,Premier League,Ismael Tioté,Barclays Premier League,I. Tioté
432,James Tomkins,James,Tomkins,Premier League,James Tomkins,Barclays Premier League,J. Tomkins
433,Fernando Torres,Fernando,Torres,Premier League,Fernando Torres,Barclays Premier League,F. Torres
434,Kolo Touré,Kolo,Touré,Premier League,Kolo Touré,Barclays Premier League,K. Touré
435,Yaya Touré,Yaya,Touré,Premier League,Yaya Touré,Barclays Premier League,Y. Touré
436,Andros Townsend,Andros,Townsend,Premier League,Andros Townsend,Barclays Premier League,A. Townsend
437,Armand Traore,Armand,Traore,Premier League,Armand Traore,Barclays Premier League,A. Traore
438,Gerhard Tremmel,Gerhard,Tremmel,Premier League,Gerhard Tremmel,Barclays Premier League,G. Tremmel
439,Kieran Trippier,Kieran,Trippier,Premier League,Kieran Trippier,Barclays Premier League,K. Trippier
440,Leonardo Ulloa,José,Ulloa,Premier League,José Leonardo Ulloa,Barclays Premier League,J. Ulloa
441,Antonio Valencia,Antonio,Valencia,Premier League,Antonio Valencia,Barclays Premier League,A. Valencia
442,Enner Valencia,Enner,Valencia,Premier League,Enner Valencia,Barclays Premier League,E. Valencia
443,Patrick Van Aanholt,Patrick,Van Aanholt,Premier League,Patrick Van Aanholt,Barclays Premier League,P. Van Aanholt
444,Robin van Persie,Robin,van Persie,Premier League,Robin van Persie,Barclays Premier League,R. van Persie
445,Jamie Vardy,Jamie,Vardy,Premier League,Jamie Vardy,Barclays Premier League,J. Vardy
446,Eduardo Vargas,Eduardo,Vargas,Premier League,Eduardo Vargas,Barclays Premier League,E. Vargas
447,Ricardo Vaz Te,Ricardo,Vaz Te,Premier League,Ricardo Vaz Te,Barclays Premier League,R. Vaz Te
448,Santiago Vergini,Santiago,Vergini,Premier League,Santiago Vergini,Barclays Premier League,S. Vergini
449,Marnick Vermijl,Marnick,Vermijl,Premier League,Marnick Vermijl,Barclays Premier League,M. Vermijl
450,Jan Vertonghen,Jan,Vertonghen,Premier League,Jan Vertonghen,Barclays Premier League,J. Vertonghen
451,Ron Vlaar,Ron,Vlaar,Premier League,Ron Vlaar,Barclays Premier League,R. Vlaar
452,Michel Vorm,Michel,Vorm,Premier League,Michel Vorm,Barclays Premier League,M. Vorm
453,Theo Walcott,Theo,Walcott,Premier League,Theo Walcott,Barclays Premier League,T. Walcott
454,Jonathan Walters,Jonathan,Walters,Premier League,Jonathan Walters,Barclays Premier League,J. Walters
455,Victor Wanyama,Victor,Wanyama,Premier League,Victor Wanyama,Barclays Premier League,V. Wanyama
456,Joel Ward,Joel,Ward,Premier League,Joel Ward,Barclays Premier League,J. Ward
457,Stephen Ward,Stephen,Ward,Premier League,Stephen Ward,Barclays Premier League,S. Ward
458,James Ward-Prowse,James,Ward-Prowse,Premier League,James Ward-Prowse,Barclays Premier League,J. Ward-Prowse
459,Marcin Wasilewski,Marcin,Wasilewski,Premier League,Marcin Wasilewski,Barclays Premier League,M. Wasilewski
460,Rory Watson,Rory,Watson,Premier League,Rory Watson,Barclays Premier League,R. Watson
461,Andreas Weimann,Andreas,Weimann,Premier League,Andreas Weimann,Barclays Premier League,A. Weimann
462,Danny Welbeck,Danny,Welbeck,Premier League,Danny Welbeck,Barclays Premier League,D. Welbeck
463,Ashley Westwood,Ashley,Westwood,Premier League,Ashley Westwood,Barclays Premier League,A. Westwood
464,Glenn Whelan,Glenn,Whelan,Premier League,Glenn Whelan,Barclays Premier League,G. Whelan
465,Connor Wickham,Connor,Wickham,Premier League,Connor Wickham,Barclays Premier League,C. Wickham
466,Ashley Williams,Ashley,Williams,Premier League,Ashley Williams,Barclays Premier League,A. Williams
467,Jonathan Williams,Jonathan,Williams,Premier League,Jonathan Williams,Barclays Premier League,J. Williams
468,Michael Williamson,Michael,Williamson,Premier League,Michael Williamson,Barclays Premier League,M. Williamson
469,Jack Wilshere,Jack,Wilshere,Premier League,Jack Wilshere,Barclays Premier League,J. Wilshere
470,James Wilson,James,Wilson,Premier League,James Wilson,Barclays Premier League,J. Wilson
471,Marc Wilson,Marc,Wilson,Premier League,Marc Wilson,Barclays Premier League,M. Wilson
472,Andre Wisdom,Andre,Wisdom,Premier League,Andre Wisdom,Barclays Premier League,A. Wisdom
473,Chris Wood,Chris,Wood,Premier League,Chris Wood,Barclays Premier League,C. Wood
474,Shaun Wright-Phillips,Shaun,Wright-Phillips,Premier League,Shaun Wright-Phillips,Barclays Premier League,S. Wright-Phillips
475,Claudio Yacob,Claudio,Yacob,Premier League,Claudio Yacob,Barclays Premier League,C. Yacob
476,Maya Yoshida,Maya,Yoshida,Premier League,Maya Yoshida,Barclays Premier League,M. Yoshida
477,Ashley Young,Ashley,Young,Premier League,Ashley Young,Barclays Premier League,A. Young
478,Pablo Zabaleta,Pablo,Zabaleta,Premier League,Pablo Zabaleta,Barclays Premier League,P. Zabaleta
479,Wilfried Zaha,Wilfried,Zaha,Premier League,Wilfried Zaha,Barclays Premier League,W. Zaha
480,Bobby Zamora,Bobby,Zamora,Premier League,Bobby Zamora,Barclays Premier League,B. Zamora
481,Kurt Zouma,Kurt,Zouma,Premier League,Kurt Zouma,Barclays Premier League,K. Zouma
482,Mauro Zárate,Mauro,Zárate,Premier League,Mauro Zárate,Barclays Premier League,M. Zárate
483,Ricardo Álvarez,Ricardo,Álvarez,Premier League,Ricardo Álvarez,Barclays Premier League,R. Álvarez
484,Mesut Özil,Mesut,Özil,Premier League,Mesut Özil,Barclays Premier League,M. Özil
485,Nani,Nani,,Premier League,,Barclays Premier League,Nani
486,John Swift,John,Swift,Premier League,John Swift,Barclays Premier League,J. Swift
487,Wojciech Szczesny,Wojciech,Szczesny,Premier League,Wojciech Szczesny,Barclays Premier League,W. Szczesny
488,Alexis Sánchez,Alexis,Sánchez,Premier League,Alexis Sánchez,Barclays Premier League,A. Sánchez
489,José Enrique,José,Sánchez Díaz,Premier League,José Enrique Sánchez Díaz,Barclays Premier League,J. Sánchez Díaz
490,Adel Taarabt,Adel,Taarabt,Premier League,Adel Taarabt,Barclays Premier League,A. Taarabt
491,Dusan Tadic,Dusan,Tadic,Premier League,Dusan Tadic,Barclays Premier League,D. Tadic
492,Alan Tate,Alan,Tate,Premier League,Alan Tate,Barclays Premier League,A. Tate
493,Cabral,Adilson Cabral,Tavares Varela,Premier League,Adilson Cabral Tavares Varela,Barclays Premier League,A. Tavares Varela
494,Matthew Taylor,Matthew,Taylor,Premier League,Matthew Taylor,Barclays Premier League,M. Taylor
495,Neil Taylor,Neil,Taylor,Premier League,Neil Taylor,Barclays Premier League,N. Taylor
496,Ryan Taylor,Ryan,Taylor,Premier League,Ryan Taylor,Barclays Premier League,R. Taylor
497,Steven Taylor,Steven,Taylor,Premier League,Steven Taylor,Barclays Premier League,S. Taylor
498,Gary Taylor-Fletcher,Gary,Taylor-Fletcher,Premier League,Gary Taylor-Fletcher,Barclays Premier League,G. Taylor-Fletcher
499,Dionatan do Nascimento Teixeira,Dionatan,Teixeira,Premier League,Dionatan do Nascimento Teixeira,Barclays Premier League,D. Teixeira
500,John Terry,John,Terry,Premier League,John Terry,Barclays Premier League,J. Terry
501,Jerome Thomas,Jerome,Thomas,Premier League,Jerome Thomas,Barclays Premier League,J. Thomas
502,Dwight Tiendalli,Dwight,Tiendalli,Premier League,Dwight Tiendalli,Barclays Premier League,D. Tiendalli
503,Ismael Tioté,Ismael,Tioté,Premier League,Ismael Tioté,Barclays Premier League,I. Tioté
504,James Tomkins,James,Tomkins,Premier League,James Tomkins,Barclays Premier League,J. Tomkins
505,Aleksandar Tonev,Aleksandar,Tonev,Premier League,Aleksandar Tonev,Barclays Premier League,A. Tonev
506,Fernando Torres,Fernando,Torres,Premier League,Fernando Torres,Barclays Premier League,F. Torres
507,Kolo Touré,Kolo,Touré,Premier League,Kolo Touré,Barclays Premier League,K. Touré
508,Yaya Touré,Yaya,Touré,Premier League,Yaya Touré,Barclays Premier League,Y. Touré
509,Andros Townsend,Andros,Townsend,Premier League,Andros Townsend,Barclays Premier League,A. Townsend
510,Conor Townsend,Conor,Townsend,Premier League,Conor Townsend,Barclays Premier League,C. Townsend
511,Armand Traore,Armand,Traore,Premier League,Armand Traore,Barclays Premier League,A. Traore
512,Gerhard Tremmel,Gerhard,Tremmel,Premier League,Gerhard Tremmel,Barclays Premier League,G. Tremmel
513,Keiran Trippier,Keiran,Trippier,Premier League,Keiran Trippier,Barclays Premier League,K. Trippier
514,José Ulloa,José,Ulloa,Premier League,José Leonardo Ulloa,Barclays Premier League,J. Ulloa
515,Matthew Upson,Matthew,Upson,Premier League,Matthew Upson,Barclays Premier League,M. Upson
516,Antonio Valencia,Antonio,Valencia,Premier League,Antonio Valencia,Barclays Premier League,A. Valencia
517,Enner Valencia,Enner,Valencia,Premier League,Enner Valencia,Barclays Premier League,E. Valencia
518,Patrick Van Aanholt,Patrick,Van Aanholt,Premier League,Patrick Van Aanholt,Barclays Premier League,P. Van Aanholt
519,Marco van Ginkel,Marco,van Ginkel,Premier League,Marco van Ginkel,Barclays Premier League,M. van Ginkel
520,Robin van Persie,Robin,van Persie,Premier League,Robin van Persie,Barclays Premier League,R. van Persie
521,Jamie Vardy,Jamie,Vardy,Premier League,Jamie Vardy,Barclays Premier League,J. Vardy
522,Gullermo Varela,Gullermo,Varela,Premier League,Gullermo Varela,Barclays Premier League,G. Varela
523,Ricardo Vaz Te,Ricardo,Vaz Te,Premier League,Ricardo Vaz Te,Barclays Premier League,R. Vaz Te
524,Milos Veljkovic,Milos,Veljkovic,Premier League,Milos Veljkovic,Barclays Premier League,M. Veljkovic
525,Thomas Vermaelen,Thomas,Vermaelen,Premier League,Thomas Vermaelen,Barclays Premier League,T. Vermaelen
526,Jan Vertonghen,Jan,Vertonghen,Premier League,Jan Vertonghen,Barclays Premier League,J. Vertonghen
527,João Carlos,,Vilaça Teixeira,Premier League," Vilaça Teixeira",Barclays Premier League,Vilaça Teixeira
528,Ron Vlaar,Ron,Vlaar,Premier League,Ron Vlaar,Barclays Premier League,R. Vlaar
529,Sam Vokes,Sam,Vokes,Premier League,Sam Vokes,Barclays Premier League,S. Vokes
530,Michel Vorm,Michel,Vorm,Premier League,Michel Vorm,Barclays Premier League,M. Vorm
531,Haris Vuckic,Haris,Vuckic,Premier League,Haris Vuckic,Barclays Premier League,H. Vuckic
532,Theo Walcott,Theo,Walcott,Premier League,Theo Walcott,Barclays Premier League,T. Walcott
533,Kyle Walker,Kyle,Walker,Premier League,Kyle Walker,Barclays Premier League,K. Walker
534,Ross Wallace,Ross,Wallace,Premier League,Ross Wallace,Barclays Premier League,R. Wallace
535,Jonathan Walters,Jonathan,Walters,Premier League,Jonathan Walters,Barclays Premier League,J. Walters
536,Pablo Zabaleta,Pablo,Zabaleta,Premier League,Pablo Zabaleta,Barclays Premier League,P. Zabaleta
537,Gregor Zabret,Gregor,Zabret,Premier League,Gregor Zabret,Barclays Premier League,G. Zabret
538,Wilfried Zaha,Wilfried,Zaha,Premier League,Wilfried Zaha,Barclays Premier League,W. Zaha
539,Bobby Zamora,Bobby,Zamora,Premier League,Bobby Zamora,Barclays Premier League,B. Zamora
540,Gideon Zelalem,Gideon,Zelalem,Premier League,Gideon Zelalem,Barclays Premier League,G. Zelalem
541,Kurt Zouma,Kurt,Zouma,Premier League,Kurt Zouma,Barclays Premier League,K. Zouma
542,Bruno Zuculini,Bruno,Zuculini,Premier League,Bruno Zuculini,Barclays Premier League,B. Zuculini
543,Mauro Zárate,Mauro,Zárate,Premier League,Mauro Zárate,Barclays Premier League,M. Zárate
544,Mesut Özil,Mesut,Özil,Premier League,Mesut Özil,Barclays Premier League,M. Özil
545,Nani,Nani,,Premier League,,Barclays Premier League,Nani
